"0_E91_data_20x20_mesh_1.0E+03_states_AER_SIM_14_03_2026_16_27_06.csv",
"1_E91_data_20x20_mesh_5.0E+03_states_AER_SIM_14_03_2026_16_35_48.csv",
"2_E91_data_20x20_mesh_1.0E+04_states_AER_SIM_14_03_2026_17_17_08.csv",
"3_E91_data_20x20_mesh_1.5E+04_states_AER_SIM_14_03_2026_18_45_25.csv",
"4_E91_data_20x20_mesh_2.0E+04_states_AER_SIM_14_03_2026_21_03_06.csv",
"5_E91_data_20x20_mesh_2.5E+04_states_AER_SIM_14_03_2026_16_28_11.csv",
"6_E91_data_20x20_mesh_3.0E+04_states_AER_SIM_15_03_2026_05_29_40.csv",
"7_E91_data_20x20_mesh_3.5E+04_states_AER_SIM_15_03_2026_21_10_06.csv",
"8_E91_data_20x20_mesh_4.0E+04_states_AER_SIM_16_03_2026_15_27_57.csv",
"9_E91_data_20x20_mesh_4.5E+04_states_AER_SIM_17_03_2026_12_20_26.csv"
