"0_NOISY_20x20_mesh_1.0E+03_states_AER_SIM_19_03_2026_11_53_32.csv",
"1_NOISY_20x20_mesh_5.0E+03_states_AER_SIM_20_03_2026_03_11_30.csv"
"2_NOISY_20x20_mesh_1.0E+04_states_AER_SIM_20_03_2026_01_53_25.csv",
"3_NOISY_20x20_mesh_1.5E+04_states_AER_SIM_19_03_2026_09_56_15.csv",
"4_NOISY_20x20_mesh_2.0E+04_states_AER_SIM_19_03_2026_07_16_19.csv",
"5_NOISY_20x20_mesh_2.5E+04_states_AER_SIM_19_03_2026_22_34_38.csv",
"6_NOISY_20x20_mesh_3.0E+04_states_AER_SIM_19_03_2026_18_31_48.csv",
"7_NOISY_20x20_mesh_3.5E+04_states_AER_SIM_19_03_2026_02_31_23.csv",
"8_NOISY_20x20_mesh_4.0E+04_states_AER_SIM_18_03_2026_21_00_15.csv",
"9_NOISY_20x20_mesh_4.5E+04_states_AER_SIM_19_03_2026_12_15_57.csv",
