0_T_NOISY_20x20_mesh_1.0E+03_states_AER_SIM_31_03_2026_03_44_53.csv,
1_T_NOISY_20x20_mesh_5.0E+03_states_AER_SIM_01_04_2026_03_41_48.csv,
2_T_NOISY_20x20_mesh_1.0E+04_states_AER_SIM_01_04_2026_02_24_46.csv,
3_T_NOISY_20x20_mesh_1.5E+04_states_AER_SIM_31_03_2026_01_52_30.csv,
4_T_NOISY_20x20_mesh_2.0E+04_states_AER_SIM_30_03_2026_23_18_44.csv,
5_T_NOISY_20x20_mesh_2.5E+04_states_AER_SIM_31_03_2026_23_11_51.csv,
6_T_NOISY_20x20_mesh_3.0E+04_states_AER_SIM_31_03_2026_19_16_41.csv,
7_T_NOISY_20x20_mesh_3.5E+04_states_AER_SIM_30_03_2026_18_39_31.csv,
8_T_NOISY_20x20_mesh_4.0E+04_states_AER_SIM_30_03_2026_13_11_21.csv,
9_T_NOISY_20x20_mesh_4.5E+04_states_AER_SIM_31_03_2026_13_14_13.csv
